date,review_text
2026-01-01,第五人格（2026最新版）评价网易自研的1v4非对称竞技手游，主打哥特悬疑与追逃博弈，综合评分7.4/10，适合喜欢非对称对抗、哥特美学与剧情向的玩家，优缺点如下 。核心优势-  风格与氛围独特：维多利亚哥特画风+悬疑剧情，地图细节、BGM与心跳音效拉满沉浸感；庄园叙事碎片化，角色背景故事丰富，“庄园宇宙”有挖掘空间 。-  玩法博弈性强：1监管者vs4求生者，求生者破译5台密码机开门逃生，监管者负责淘汰；板窗博弈、角色技能搭配、阵容与地图掌控决定胜负，每局节奏紧凑（5-10分钟），策略与操作双深度。-  角色与养成友好：数十名角色各有专属技能，定位清晰（救人/修机/溜鬼/辅助）；皮肤无属性加成，零氪可攒线索/碎片兑换，无强制付费门槛 。-  社交与竞技多元：排位/匹配/自定义/活动玩法丰富；微信/QQ一键组队，语音开黑配合更稳；赛事体系成熟，高端局博弈有观赏性。主要不足-  平衡与匹配问题：低阶监管者易赢、高阶求生者强势；职业差距大，冷门角色难上场；排位匹配机制不稳定，队友水平参差，单排体验波动大 。-  新手门槛高：需背地图、练板区博弈、学角色技能与对局思路；单排沟通依赖信号，新手易被“秒倒”“守尸”劝退，上手周期长。-  技术与优化短板：服务器偶有卡顿/闪退，中低端机发热耗电明显；最高仅60帧且难稳住；外挂与脚本仍有出现，举报反馈慢 。-  氪金与运营槽点：限定金皮/紫皮价格高，抽奖保底成本大；版本更新节奏慢，活动玩法重复，长草期明显 。适合人群推荐给哥特美学爱好者、非对称竞技玩家、剧情党、喜欢团队协作追逃玩法的用户；不适合怕复杂机制、反感单排不确定性、追求高帧率流畅体验的玩家。
2026-01-01,本人最早期18年第四赛季入坑的，也不敢说自己是老玩家，因为不怎么充钱，当时还是学生党vivo渠道服的号也丢了，没什么好看的皮肤和挂件，当时印象最深刻的就是新手教程的那个小丑，但现在2.0版本那些剧情已经被删了.既然都是网易做的游戏，要不要学一下隔壁决战平安京可以跟角色互动，还可以评论自己喜欢的角色，给角色送礼物这一类，我感觉这个挺好的，本人推作曲家，希望给作曲家出宁芙奖溯洄还有象牙塔吧，我感觉作曲家除了深渊先驱探索，被遗忘的乔治以及橙明的理性都不怎么好看呢，猎龙者手感挺好的，当时26赛季很多人都出了，送了很多珍宝，但是我喜欢但没有出，买了幽灵帆感觉手感不怎么好.希望能对蛐蛐好一点吧，多给一些剧情.
2026-01-01,从18年开始玩的，一开始大家都是为了开心去玩游戏没那么较真，现在长大了以前的朋友不在一起玩了也成熟了玩游戏也比以前认真很多没有那种随便玩玩图一乐的感觉了。不知道哪一年开始经常会被各种问候，那段时间打出了低谷感觉周围的很暗沉吧，风气这块好像真的很差虽然我很想辩解，但是真的我表妹想入坑我都说再考虑一下吧，我怕她被骂，如果心态不够强大真的很难坚持下去的。玩的有点久了出现了很多新角色，嗯怎么说呢每出一个角色就要了解一个角色技能不然排位没办法接受信号也不知道怎么打没有意识不知道如何反制，不了解技能也不好牵制，我一开始就是不了解其他角色技能不知道怎么玩还好以前人还算温和会告诉我怎么调天赋看信号。18年那会玩监管感觉很好赢，但因为太多人不好排就不玩了，现在反而是求生者越来越顺了，比如我带博命不怎么用双弹，带了一次感觉自己好像可以丢掉脑子溜了很轻松的感觉（？）也不是就是比只带博命的时候轻松…现在玩监管我感觉比较费脑子，也比较麻烦，毕竟1v4。修机速度确实有点小快吧，需要很快抓到人（加上找人时间）不然机子修差不多了，开局有人秒倒后期运营好也是可以平的欸，总之现在有点小小难玩监管，平衡性不是很强的样子，毕竟是非对称游戏？玩第五真的一直被骂呢，但是我喜欢的角色在这个游戏里，那是我的精神支柱也是我坚持玩第五的动力即使后面第五很让我失望即使我被骂的崩溃都还是坚持下来了，因为我舍不得我的宝宝啊。其实我还是个剧情党！但第五人格有点吃书来着。
2026-01-01,大体非常不错，不过有时候会有些小bug。玩法挺多的，有那种类似于乐园地图的玩法，还有一些各种类型的玩法。总体非常有趣。
2026-01-01,是2024年9月16号下载的。当时是vivo服，然后转米服，然后再转官服，之前听过这个游戏没有下载过，是因为朋友推荐才下载的，然后遇见了我推，我感觉这个游戏很好玩  不好，孩子们，我的号丢了
2026-01-01,还是挺好玩的，就是，可能会红温。（吐槽一下：渠道服能不能自由转服到官服？）
2026-01-01,只能说一半一半，在这个游戏里遇到了很多朋友，但是风气越来越不好，我列表一半都退游了，还是希望越来越好吧
2026-01-01,我已经玩了很久这个游戏了。虽然最近他不是怎么很好，但是我还是会继续玩他的。并且我才抽了十几发，就给我出了两个紫皮，不管他变成什么样，我都会一直玩他的。
2026-01-01,都是伪人在一起玩游戏，玩得很开心，能体验不同的方法生气，也会有眼缘来展现他的演技，可以体验到监管在和你玩耍时的偷袭，也可以体验到匹配排位队友对你赛后的关心，可以体验到小蛋糕为了不暴露自己匿名发表加强小蛋糕角色，伪人队友真的很不错建议削弱
2026-01-01,也是玩了挺久第五了，现在想法跟不上操作，导致慢慢淡坑，不过总体还是给个五星支持一下吧~
2026-01-01,求问一下，这个上面的是官服吗？？？我渠道服转官服了，怕下错有没有宝子告诉一下？求求(◞‸◟ㆀ)ｼｮﾎﾞ
2026-01-01,别闹了，人类版本太恐怖如斯。各种新角色新皮肤一个个的出，牢角色疑似被遗忘。每次回游都要仔细重新学新角色新技能，记性质记地图也是老玩家了，玩的时候邦邦小提琴都没出，横版大厅，天赋自己打，恐怖类型的新手引导，什么其他的都看视频自己学现在的环境是真的复杂，又是反串黑和各种小鬼现在玩也是为了情怀吧（？）反正都是不间断淡游回游的过程中。。皮肤也是贵，精华更是。我已经不知道多少次保底了但有的皮肤以及海报也是真的好看（。记录员蜘蛛皮肤重做好吗，给博士点排期吧）
2026-01-02,真的真的很好玩！我从24年5月入坑的玩到现在我对它的评价一如既往地好，这个游戏承载了我很多的美好回忆我很喜欢这个游戏，虽然现在因为一些机制和玩家的问题导致很多人和我的朋友退游，但是我看到了五宝在一点点改正，我对这款游戏的热爱会一直持续下去，感谢五宝一直陪在我们身边！
2026-01-02,说实话，第五人格真的变了，现在只有小蛋糕的利益，别想着过去了，之前的第五人格早就被淹没了，只留下虚伪假像似乎有一丝改变的第五人格格。
2026-01-02,对幼龄玩家或者从未接触这类游戏的新手玩家来说很难玩 因为基础细节操作什么的很多很复杂 你一旦在游戏中忽略弄错了什么细节都可能导致一整局游戏的成败 但是你多玩玩基本的知识就已经知道了就会玩的很不错 我的总结就是新手很难玩但长期练的话很好玩
2026-01-03,感觉还可以，福利挺多的，画风也还可以，比较喜欢玩法罗女士玩具商，古董商昆虫学者
2026-01-04,希望小破游活得再久一点，从2018就开始玩，玩了退坑、退坑又回游(就是不知道注册了几个渠道服了哈哈），比起自己玩更喜欢看别的主播打排位打联合狩猎。前几年还有个同类型的猫和老鼠但后来成纯氪金游戏之后暴凉，而d5策划我觉得还挺棒的，火了这么多年说明在国内还是无代餐的
2026-01-06,远古玩家（最早的一批博士玩家）路过点个赞，已于2021年8月退游。网易最大的大病就是网络+土豆服务器，据说现在好一点了。（不过据说有别的大病，什么鞭尸有实质性惩罚，还好我退了，不然博士就是要鞭尸压起身的）
2026-01-06,好玩的，但是人屠平衡是不管的，游戏七年了最高还是只有60帧。新引擎更新后反而更卡了说真的，求善待建议：
2026-01-07,不错的游戏，就是屠夫小蛋糕和人类小蛋糕太多了，然后就是那些对角色意淫的猥琐ltp可以去4了
2026-01-08,建议和朋友一起玩至少还有个责怪对象（bushi）因为你永远都不知道队友会做出什么样的决定有些人联合最后感觉都会被剥夺理智站在门口等着监管来开枪然后被完美翻盘加强一下队友脑子
2026-01-09,只要没有bug和伪人队友就是一款好游戏，但是diao五的特点也是这个，所以还是给个好评
2026-01-10,我从2020年开始玩 当时就是当个乐子玩 没想到很好玩 然后推荐了许多朋友 现在那些朋友都渐渐的退游 好像仿佛像从前一样 所以现在有人陪我一起玩吗
2026-01-10,这种情况怎么办整体效果很好（重点是我因为租号才下的）2022年入坑的，23年手机丢了24年才开始重新玩（气死我了）
2026-01-10,福利玩法很诱人但队友又补充了这点玩着真的很奇怪，我求生和监管都是同段位，但我遇到的队友不是猪就是对面打号的监管，我玩监管遇到的是我从来没遇到过的神级队友，别瞎**跟我说什么菜就多练 我能遇到会玩的队友都已经感觉是稀有了
2026-01-10,除了游戏不正面问题，游戏本身还是蛮好的，我真的很喜欢它你能不能认真一点，运营
2026-01-10,我是单机党，第五人格剧情真的不错，排位伪人对友多，网络环境，还有土豆服务器不行。这玩意会上瘾，实践再评价
2026-01-11,玩过，因为我是小米的，所以转官服了，不知道为什么在官网下载的，根本玩不了，问一下这个是官服吗？
2026-01-13,玩了第五人格三年了，Bug不是很多，但是玩家素质不是很好，比如娱乐模式中模仿者游戏，里面就有很多骂人的，我的朋友有很多因为玩家素质退游 ，在游戏里压力，不过，我觉得第5在改变，现在举报会受到惩罚，整体觉得很好，福利也很多 ，还是比较建议入坑的。。。。。回调鞭尸
2026-01-15,真的特别好玩！角色服装设计非常有个性，有的简约，有的华丽。新手门槛也不高，也就练练基本功.背背地图.关下赛后就行了，玩了两三年了，真的会上瘾！
2026-01-15,呃18年4月14入坑的，中间退游了四年（初三到高三），现在是大一又下回来了，网易吞号吞了我三个每个都是千氪号哈，很美哦宝子，然后就现在来说，整体还行吧玩法也是越来越多了，但是风气咋样你自己心里清楚，神人越来越多低龄越来越多角色黑越来越多，我也不知道为什么一个游戏能搞得像饭圈一样，官方尽量管管吧还是
2026-01-15,《第五人格》也是个老游戏了，早期虽然我也玩过，那会甚至还怪勇的。直到我退游了一段时间后试图回归找朋友一起玩的时候，突然就怂了，多出了好多不认识的监管和求生，而我还只会空军修机开一枪跑路，死了活的统统只管跑。这个游戏虽老，但是期间好像也有不少故事变事故的事情，具体什么情况我不清楚，因为我压根就没追过这些瓜的具体情况。这次回归，拿了进大学后开的新号，那会刚开出来就氪了几千，然后深深地爱住了渔女的金皮，然后现在变成了浅浅的小渔女推。(´∀`)五进去的界面还是一如既往的一堆东西，活动总觉得也是一如既往红点难消，没想到这次竟然能整消了，给我高兴的啊……www给四星的原因：1.怀旧。我最早玩的时候好像是五年前吧？没大影响了，应该是这样的。2.我推渔女那个金皮，美死我了～
2026-01-15,第五人格的福利感觉还是很不错的。限定皮肤有时候运气好可以白嫖（我就白嫖了两三个，但是不会玩那角色） ，日常中紫薯给的也很多，很多好看的金皮也能白嫖。
2026-01-16,回调女性角色胸部及臀部建模    ，开除相关涉事人员并向玩家道歉回调女性角色胸部及臀部建模，开除相关涉事人员并向玩家道歉回调女性角色胸部及臀部建模，开除相关涉事人员并向玩家道歉@第五人格
2026-01-16,第五请加强服务器、我的队友还有福利，少见的尊重所有玩家而且里面的女角色服装正常的游戏，男女角色都有自己的故事（匹配能不能可以选择人机队友和监管？社恐玩家真的很害怕活人队友和监管，而且我很菜怕拖累别人）2026/1/16修改：刁五，你要干什么？游戏里的角色都是玩偶身体，咋连玩偶身体都得前凸后翘？我要给之前好评的我一巴掌，还是对第五太自信了（一看到我曾经的好评，就觉得话不能说太满）
2026-01-17,还可以，玩的不好容易红温，还容易遇到伪人队友，遇到更新还贼慢，土豆服务器还老蹦，有N多bug，有些bug它说是bug我才知道是bug，它不说我还以为是自己玩的太菜了，有时候还会被赛后，还有人屠对立，压力队友之类的，但是这次的剧情做的很好看，真心建议抗压能力不好的不要轻易尝试，因为本人曾经玩求生被人机队友气的摔手机，玩监管被自己气的脸发烫，跟发烧了一样，容易气的心脏疼
2026-01-17,游戏我觉得是很好玩的，从开服就玩了，中间换过好几个号，我想问一下vivo什么时候可以转官服？我换手机了，之前那个号也登不上了。整的好折磨。要是再开一个的话，之前那个号的皮肤又充了那么多。很不舍得。还有就是排位赛，能不能整个全天，有时候想打打段位。也没法打，只能等时间，就只能去打匹配，很耽误上分
2026-01-17,给五星也只是觉得很遗憾明明之前这个游戏还算挺好的自从我一玩之后就烂了越来越烂越走越烂我之前就很喜欢这个游戏2018年的时候我就一直看第五人格主播的视频直到2024年我才正式入坑我喜欢的一个主播因为未成年退款转型了游戏的风气也开始变差了
2026-01-18,一年前，黎明杀机手游关服后，第五人格在手游上算是真正意义上的没有竞争对手（虽然黎明杀机手游也是网易代理的），所以，就算是石我也得赤，谁让我喜欢非对称竞技游戏呢？还有就是，观察够了没？
2026-01-18,昏暗的房间里传出哥哥的声音：“弟弟。。。唔唔。”弟弟的喉结滚动了一下，低声说:“忍忍。。哥哥。。”然后他们打开了弟唔忍哥。
2026-01-18,优化卢卡电竞金挂！每次修机看到那大卢卡站旁边我就想笑，卢卡不萌吗，对他好点
2026-01-18,入坑两周，其实游戏挺好玩的，福利对我这种微氪玩家来说也不错，不过对新人和心态差的人不友好，打监管很容易红温，所以把深渊场次堆完后我就跑去自定义玩人机了，希望官方能优化训练模式，至少让我能自选求生角色啊训练一场结束永远都是强制退到大厅，想直接下一局都做不到
2026-01-18,18年开始玩第五人格，到现在最大的感觉是：用户粘性很大，但是没有什么具体的动力去玩第五人格每次退游都会以各种形式想起并继续玩，但每次都是玩了一段时间又不想玩了。我也很好奇这种情况是为何感觉现在越来越往二游画风发展了，是否有偏离游戏初心呢？
2026-01-21,玩了三年，是我的首充启蒙游戏。之后玩其他游戏都感觉没第五好玩吧。。。反正我感觉，不管，我在外面有多少游戏，淡游了多长时间，我总会某天突然上线第五狂打三天。。。。。。。这游戏，之前确实有一段时间风气特别不好，对家互喷，然后局内还压力队友什么的，还有土豆服务器。虽然，但是，官方也在尽力改进吧。只能说第五作为我心中游戏的白月光，我对它有一种别样的滋味。应该就是人们常说的黏性，陪我经历了青春，感觉，第五修一下你的土豆服务器，还有修一下红蝶那个bug，老是莫名其妙就断飞了
2026-01-22,虽然玩的不久，但真的好玩，时间长了就觉得很有意思，更新不是很慢，可玩性：很高，最好和朋友一起，更有意思
2026-01-22,挺好的美术和竞技没得说，就是风气有点差，对新手不太友好，但是我充多了是不可能不太可能换其他主玩的游戏啊，总体体验是不错的，就是里面非非人生物太多，当然我用的别的渠道服，这算是个小号
2026-01-22,判定有问题，伪人很多，游戏里和宗教战争似的，分两大宗教，正常人少见，角色当浮木供，神人一大堆，只能是希望第五越来越好吧还有那万年老60
2026-01-23,第五人格牛仔这版本的表现太过于低下巅峰七阶总是被目押是否考虑将牛仔定位救人位希望从辅助 ob位改为救人位是否能这样改动？希望进行一波小加强希望缩短牛仔的出钩子的前摇后摇是否能改为救人位减少牛仔的道具消耗正重的希望能进行一波小加强辅助牵制位改为救人位辅助位希望能进行这波改动是否能进行改动是否能添加病患那样开关取消键牛仔胜率过低高端局低分段出场率过低是否能考虑为牛仔进行一波小幅度加强希望能向律师那样增加移速能改为每一勾背尸状态下增加百分之六的翻越板窗速度，5.1速度加继续时间为25秒能改动吗套中队友消耗15%勾到气球上队友消耗30%
2026-01-23,我是24年开始玩的。一开始是渠道服，现在转官服。我希望官方能不能顾一下冷门角色。魔术师的皮肤好像很久都没有新的出现在皮肤列表里了吧
2026-01-23,不知道在卡什么其他游戏都带的动带就不动第五神人队友也是一堆哈
2026-01-23,从21年就开始玩了，换了好几个号第五我觉得好玩1v4，还会有一些娱乐模式啊，现在还有那种地图可以进去玩，我觉得都挺不错的，皮肤什么也都可以，容易恒温
2026-01-23,感觉我应该是时长比较多的，闲暇时喜欢打开玩几把。但是最近给爷整无语了，不想绑定手机，结果推出了一个绑手机送碎片的活动，一直有个红点，强迫症震怒。然后最近新出的求生者都太美型了，啥时候出个不美型的男求女求啊…
2026-01-24,玩了一阵别的还是回来第五了 为什么解机的时候感觉很解压呢新引擎优化和美化都进步了值得鼓励
2026-01-24,游戏也玩了三年了，还是忘不了你在我最难受上班的早晨给我一个限定金，那一天心情都快乐了不少
2026-01-25,第五人格也算是一个陪过我初中三年的游戏，我也算是半个老玩家？打了六千场，人屠都上过七阶，都连续上了三个赛季七阶，娱乐也玩了很久，现在评价一下如果是排位玩家 ： 排位的很容易红温，排位时间过于阴间，你能想象高段位的人，一天只能打四小时（还会因为神人的匹配机制可能一把车就要匹配十几分钟，段位更高的人，一两个小时排不到车，也是常有的）低段位的也只能打六小时，这游戏排位打到了六阶才算真正开始了，如果打的是监管，一般在这个时期都会遭遇瓶颈，如果突破的话，会很有成就感（这是我的亲身经历突然顿悟疯眼）但打的是求生的话，折磨的开端，单排打会很恶心，这是一个团队游戏，你一个人没办法带飞全部人（也不能说是人吧，是猪），想要有好的体验自己的技术和意识得先上去（这是最基本的），再去找好的车队（不要找差距太大的不然很容易散）想要有好的车队环境，需要排位大部分都是赢。游戏的角色强度是强的很强弱的很弱，在现在求生者能上天入地的时候，监管那边一部分原始人还是用琴弦打人用脚追人但如果你玩的是强势角色，那不用说了，爽去吧，搬掉几个求生里强的角色，只要可以抓到求生里的小猪，就能锁定胜局了对娱乐玩家：那会很轻松，至少比排位轻松，模式也挺多的，但耐玩的也就只有模仿者了（个人观点）对于娱乐玩家其实无所谓，平时多参加游戏内的活动，攒攒资源，买自己喜欢的角色的皮肤，是很快乐的^ω^，如果是剧情党，你也可以玩第五人格对部分角色塑造是非常好的，就比如因为一些事情，从而对女士心怀愧疚，最后在一场实验中替咒术师喝下毒药的牛仔。牺牲自己的样貌来扫除一切不义的正义柯根。这些都很吸引人画面音乐：这一部分就有点拉了，一款手游还是一款有七年的手游，无论PC还是手游端，众生平等，只能保持60帧（是最高60）音乐这方面就不说啥了，没啥好说运营服务：土豆服务器，经常出问题一直被喷，但只要补偿十个珍宝，玩家们都会失忆可玩性：皮肤排期不合理，可以赚米的角色是会受到偏爱的，冷门角色吃大粪去吧，虽然可能有点过了，但这是事实，但是有改，最近有给冷门角色补排期，可以的在游戏中呢，也可以遇到很多好朋友，游戏中大部分人都是很和善的（他们许多都是善良的人），只要不和他们打排位的话，成为朋友一起打会很开心，也有少部分生活不如意的会对人恶语相向，这种人就不要管他，林子大了，啥鸟都有，游戏中也有许多好的联动，也是很吸引人，就比如p5，里面的角色是真的帅最后真的希望这个游戏可以活下去，承载了太多我和别人的美好回忆，虽然有些人我已经不联系了，在这个游戏你真的可以交很多很多朋友虽然最后总会因为一些原因走散，但是呢我想说“相逢已是上上签，何须相思煮余年”
2026-01-25,开服老玩家，对这游戏只能说又爱又恨，唯一遗憾的是我太菜了没有上过七阶
2026-01-25,玩了快两年，但是我认为你如果在游戏里面有一方面的追求的话你能玩很久，比如我身边有朋友爱打电竞喜欢打排位上分，玩了四年没腻是前某个赛季的s噩梦，我比较喜欢养号如全女金或者面板号，打资源什么的平修速死几百场的打，皮肤好看都会买
2026-01-25,还没开智吗第五人格，好不容易的热度又不珍惜被搞没，流水还没拼好友高
2026-01-25,我见被嘲讽过，被赛后过，被骂过，被举报过……还没卸呢从第一次下载中间换过两次手机愣是一直带着，怕账号没了坚持用同一个品牌的手机……也不知道到底在坚持什么……游戏时长不对劲，因为我是渠道服
2026-01-25,中规中矩吧，主要是里面有很多人很没礼貌，甚至还有些人会骗别人说自己晋级赛，让他们发力
2026-01-26,这款游戏总体设计以及可玩性都是可以的，只是人屠对立问题严重。新手玩家入坑还是要过完新手教程，以及提前了解游戏机制。现在存在的问题：我两个阵营都玩1。求生修机速度问题，对于求生来说确实友好，但是对监管来说很快，容错度很低，一点的失误就会平局或输。2。游戏风气，赛前的嘲讽是很多监管玩家都会遇到的，局内监管的放血（特指恶意，有的监管会有战术放血）也是很常见的。3。建模，游戏内新角色与老角色建模天差地别 ，例如骑士与魔术师。皮肤建模时好时坏，设计也开始灵感短缺。4。玩法以及匹配机制，段位匹配很诡异，二阶匹配到四阶屠夫，我一个三阶玩家匹配到历史六阶监管？监管方面也会有。总之这是我对于这款游戏的看法，我去年刚回游，退游期间也有关注，游戏独有的荒诞哥特风很吸引人，if线世界观也很棒，只是真理之下系列似乎忘记了时代设定，皮肤的设计已经远离了背景故事。推荐你们玩，但是入坑前还是要多了解一下。
2026-01-26,好玩呢，但是的话，我那个号没了，我真求你了，官方出一个不同手机型号都能找回来的吧，我就是因为这个手机型号跟之前的不一样，所以的话找不到我的号了！！！！
2026-01-26,小破游整体上不错的，只是有些问题，比如角色皮肤排期问题，优化角色技能，希望小破游能采取玩家的意见，爱你老五明天见！
2026-01-28,挺好的，只不过刚易的话，运营还是差一点吧。最近一段时间，建模做的还算好，不充钱也可以玩
2026-01-28,19年底入坑的，刚开始我特别特别特别喜欢玩，但后面还是喜欢玩，虽然太卡了，游戏风气不好，但我还是喜欢玩第五人格，我是真人
2026-01-28,怎么说呢，粘性很强，有一段时间没玩了，但一直舍不得删，这段时间又回来玩了
2026-01-29,一个很好玩的游戏，在于你的技术水平，要是玩的菜的话，就去找靠山吧！不要去坑队友了
2026-01-30,还行吧，就是现在匹配时间特别长，玩家风气不太好了，排位就不能不限时吗？打了几个小时发现只加两颗星的绝望感
2026-01-30,主要是出了星之王和恒光，给个好评，希望能对战斗平衡好点，新玩家需要更详细的教程，我小号天天红温
2026-01-30,不知道为什么，我有网，但是就是登录的时候花了好长一段时间快半个小时了，还是没有登录好可玩性：还是可以的，因为我是老玩家了。然后主要下载就是想渠道转官服画面音乐：挺好的，我个人比较喜欢他那个剧情哈
2026-01-31,第五人格真是太好玩了！疯狂星期四我肚肚我账号已经丢失好几个了，正在尝试找回中。。。为啥子我的游戏界面没有账号找回！
2026-02-01,游戏本身玩法可以，游戏环境像s，对玩家也难评，娱乐模式排位模式还是特定时段才能打
2026-02-02,第五人格对我来说是一个极其不平衡的游戏（先叠甲，玩过两年半）主播干起来是正常的，背刺也是正常的，人屠是不平衡的，小蛋糕是成群的这个帖子发出的是我的心声，也是给即将入坑的人的一些建议（有点长请耐心观看，谢谢）一，机制不平衡拿排位能看见监管举例子，红夫人，宿伞，约瑟夫那个不是靠暗杀拿下胜利的，求生知道全苟起来了（嗯，毕竟四个人的钱比一个人的钱好圈）胜率是根据玩家熟练度决定的，而不是机制，只要肯用心练，也不会老抱怨这抱怨那，应该从自己身上找问题，而不是一直要求削弱在个削弱那个，加强这个加强那个。举渔女加强例子（我是渔女玩家）角色技能很容易理解，这次加强显然是不必要的。却因为胜率低被迫加强技能，削弱出刀速度，但凡看过S牌渔女都知道，技能虽简单，但是角色上限高，官方这操作属于画蛇添足二，皮肤争议1.排期（举例）推理之径给热门吧，被喷要考虑冷门角色，给冷门吧（以律师为例）被某主播发视频说要让人有肝的欲望（大致意思是尽量给热门角色）热门的皮肤是必须多的，冷门有的都没有限定金2.质量问题记录员的窥镜金光海报出来就让人难以置信我还以为是角色黑，谁知道竟然是真的。跟杰克的年限海报差了不是一星半点，用没用心显而易见，懒得喷三，嘲讽问题监管鞭尸会晕，求生动作嘲讽只能自己屏蔽，求生赛前能讨论，监管为什么就不能，监管为什么不能？我至今没有想出来。不过官方还有点人样，给求生个别动作做动作时不能动，要不然屠夫玩家得气死（其实已经气死了）四，新手建议低阶新手其实没有多少，好多都是高阶炸鱼，胜率高低起伏。第五是一个只能在60帧率的游戏（不稳定），新手宝宝如果很卡可以发消息告诉队友（设置里整）遇到bug可以反馈官方新手教程里其实有许多东西没有说，如卡半救，压满救，吸书，吸鸟，卡耳鸣……新手可以上网查查了解一下总体来说对新手有点难度，要背的东西相对较多。如密码机刷点，地下室刷点，椅子刷点……角色技能也是要背的，要了解，可以在公屏求助一下。总体就到这里，希望对大家有帮助
2026-02-02,和朋友一起四排或者五排很好玩，游戏节奏很轻松，除非遛鬼基本都能边聊边玩。
2026-02-02,监管者：对面配合亲密无间，纷纷天赋选手求生者：队友动作疑惑，恐惧震慑，保平别救，各完各的
2026-02-03,第五有好有坏吧 像我这个号非的不行了 我身边的朋友多多少少都白嫖过至少一两个限定金 我每次几乎保底才能吃出一个紫 还有就是对待冷门角色 大副二限阴成啥了 魔术师新年限时金不觉得很诡异吗 是提醒大家不要嚼槟榔吗 还有就是最近有人说的物价 对于第五来说物价确实是有点子贵 一个紫皮加金挂的配置128加238（没有折扣的情况下）（金挂价格可能我记错了）但是也是有很多可以白嫖的紫皮 比如商场常驻演绎之星和宁芙奖金皮 质量都还不错的 最后 我最搞不懂的是为什么其他角色溯洄都是他们最幸福的时候 但是入殓师确是被霸凌的时候呢 希望有机会能改改入殓师溯洄吧 最后祝小破游越来越好
2026-02-03,新萌新入坑玩了不到300多局，一直听说第五的人屠平衡不好，一直是屠夫版本，但是这段时间玩下了哪里是屠夫版本，新手屠夫很难有心情玩的下去，整个对局要控场追击守椅有时候还要考虑求生的一群道具，这真的是屠夫强吗，低阶人类只要会玩一点都比玩屠夫的整局玩下了舒服一点，玩屠夫真的超累的，求生基本找对好的朋友一起玩，避免无交流有不会玩的人类基本都很好打，结果新版本还是大加强人类，新手屠夫熟练度不高体验感下来就真的非常受挫，因为屠夫没有队友，也庆幸在没有队友。
2026-02-03,我想问问为什么我在taptap没办法安装第五啊，就是反复安装都没有用
2026-02-03,挺好的，就是需要点技术和反应，然后人屠有点对立吧，玩家有点没素质吧，嗯，皮肤有一丢丢小丑吧，总是让我吃大保底吧不过还是挺好的
2026-02-04,六年级的时候被同学安利入坑，当时吊5才两周年吧，没想到能存活这么久.jpg不过画面对我而言太恐怖（唉胆小），竞技类游戏玩多了也嫌麻烦，社恐更是找不到人陪玩，最后还是退坑了，随即转向同人的大门……
2026-02-04,物价贵，欧非简直诡异到极点，神人多风气不好，赛事选手也隔三差五爆瓜，阴间排位时间，拉到极致的平衡调整，包体换了换去没啥差别该卡还是会卡，一直走下坡路，但是也在努力改善，还是希望能一直玩下去
2026-02-04,当年为一个男生下载了这个游戏 怎么说呢，挺好玩的吧，就是要背的东西有点多 然后我用平板玩的话，有的时候会闪退，手机还可以 不过也谢谢第五人格 本来跟那个男生没什么话题的 后来下载了第五人格 自己玩了一段时间 后来跟那个男生玩呢 我秒倒他也不会骂我 让他压满再救他偏要卡半救 跟他在一起玩游戏 话题变得更多了
2026-02-05,开服玩家了，断断续续的，总是被气得卸载，矛盾非常多，网易时不时智障一下，想要皮肤的话非常肝，每周要求上线打的时长才能获得的奖励是非常不合理的，只能摆烂佛系一些才能玩得开心唯一值得称赞的就女角色塑造得好，女性各种职业都有
2026-02-06,入坑将近两年，是让我又爱又恨的游戏，仅主观观点不代表全部玩家可玩性：算是国内创新性很好的游戏，1v4 3D游戏，角色技能设计新颖，对局地图多模式丰富，最近返场终场狂欢，感兴趣完全可以一试画面音乐：角色设计以哥特复古风格为主，百看不厌，娃娃体型削减了恐怖感大众可以接受，皮肤设计很有意思目前有多重风格，很喜欢溯洄系列以及怪念集，电竞系列也在每年持续更新。音乐方面没得说。。网易的音乐我爱你画面可以小小避雷一下，无法稳定60帧，网速不好，土豆上插俩电线当服务器了，归宿内各种家具很漂亮，这一点可以放心入，光影方面做的不错，局内也能看到各种细节，追求帧率的话还是考虑考虑吧运营服务：还好，福利不算少，新春福利外加周年庆，白嫖三张紫皮卡，外加重置机会一年可以免费拿到五到六个紫皮，各种大型活动都会送珍宝，推理之径会给灯泡和珍宝，多肝一肝的话氪不了多少就是保底太贵，以每发十元来估算，一个珍宝保底需要两千元，紫皮很贵一百多一个，金皮更是飙升二三百，虚妄杰作三千一个做的也不是很好，怎么说呢感觉江郎才尽了，真理之下系列依旧真神但价格你想说什么吗？我不理解，打工人压力很大而且这个游戏很明显面向于25岁以下的学生群体，价格那么高到底何意味？以及各种角色技能已经不能用猎奇形容了，请注意对局平衡谢谢，存在很明显的差别对待。骑士出了没一年喜提联动商城金，先知八年商城金，二限遥遥无期。流水降低收益降低玩家大幅退游，八年老游戏你就甘愿被某六字抄袭游戏碾压吗？运营简直一坨，策划自己在赛季初打排位好不好？玩家之间乌烟瘴气要么当角色黑这个角色私募那个角色私募的，要么就是cp姐或人屠孝子互撕，救命平衡强度很难对吧建议：入坑不晚目前还有新春活动外加新赛季，可以薅一把大的但要接受强度偏差，角色区别对待，段位歧视胜率歧视，演员队友和高阶小猪，挂哥和强度怪。希望官方可以重视对局内的卡顿掉帧现象，延迟二十几帧率还只有那么一点。稳不住60帧30帧能做到不！
2026-02-06,对于那些学生想要好看的皮肤太尺容易了，而且许多皮肤都是要用紫薯买的，只能，抽珍宝获得重复东西，才能拿到紫薯，有点太难了
2026-02-07,嗯，第五机制比较恶心，但不过在在我入坑的那个时候，每个都是很好宝宝。我入坑的时候是最混乱的时候在之前的新手教程，我记得是我哥哥带我看的，我也亲自试过，然后吓退了。这里我很感谢第五人格，是因为它我才会遇到我的那些朋友，第五人格我希望以后能在改改其他东西。。
2026-02-07,我觉得这个皮肤还可以吧，我这边是个人小子。但是现在准备转屠夫了，网易现在时不时给搞一出。皮肤最近质量越来越差，充了5000多块钱，不想卸载。可玩性满10分我5分，中等评论吧，毕竟游戏挺好的
2026-02-07,好玩，不过我比较菜。还有就是那个服务器用的是土豆的吧，延迟实在有点高
2026-02-08,第五人格这个游戏我从2024年9月份就开始玩了中间也退游过好几次我一直玩得是渠道服以我个人感觉第五人格这个游戏还是挺好的氛围也挺好就从我刚入游那段时间来说那时候我老稀罕小女孩了一直玩一直输玩了20多把赢了0局那个时候没有一个人说我（也可能是我退赛后太快了）反正就这一件事让我一直对第五人格玩家印象很好（洗衣粉儿受你们一辈子幺幺哒）所以第五人格我挺建议玩最后洗衣粉儿们找我一起玩呀（太厉害的不行我会嫉妒）
2026-02-08,背刺了 圈钱了 说实在的早就有这个念头了 没觉得自己对不起谁 对不起的只有自己吧 也早就不在乎归宿妹了因为我觉得自己有俩个人格 在大家面前的是大家所知道的认真修改的人 另外一个就是想狠狠圈五批的钱的人 很多事情只有只在乎自己了才舒服 每天考虑这顾及那的 早就不想干了 糟糕的心情也很多现在是彻底解放了也很感谢归宿妹很感谢联动很感谢前瞻直播哈哈哈没有你们我哪来的现在的大门不出二门不迈的躺平生活这就是我想要的躺平生活 谢谢哈 看在这些的份上也更加不在乎归宿玩家的感受了 谢谢你们哈最后也就是归宿的建模我还没发 发完 就彻底算人消失了也别说我发的慢 爱要不要老几把贵的东西别急看我心情懂吗老子才是老大
2026-02-08,也是被我遇到核心玩家了，充分见识了物种多样性，第五玩家风评不好是有原因的……本来只是偶尔下载玩一下，现在彻底告辞了，网易游戏给我的观感都很差，估计以后也不会碰了。魔怔人太多了，池子也很恶心，都骂米游池子，但比起网易，腾讯和叠纸，米游池子都算好的，起码能继承……福利抠搜的，网易腾讯一个样，还不如一些小厂……
2026-02-09,玩两年了，我现在还是个新手，还菜，可能是我不会3D游戏吧，有点晕3，但是是因为红夫人虚妄出来的时候被惊艳到了，很美的红裙子还挺贵的，实打实的三千，然后还发现了小女孩，她跟王者里瑶一样都拥有附身技能，我太喜欢了，毕竟这还是个3D游戏的附身技能，我觉得这个游戏的难度跟我玩和平一样难，碰到对手紧张得找不到北，也不能代表不分东西，心跳我只能拼命逃了，一直看向屏幕前方，有时候回头看一下，前面不及时看容易撞障碍物，加上对地形不熟，我是真的回游到现在都是自己一个人玩，游戏里可能找不到同龄人玩了，我找了正确的官服玩，回坑后才知道自己错过了好东西，因为以前2019 年下载过第五人格，界面还是个2D大厅，有钢琴（当时想，要是能弹奏更吸引我就好了，说不定我会好好研究这个游戏，因为我迷光遇里的琴，因为可以弹）提着灯照来照去，不知道什么原因没继续玩了，老号也登了，就给园丁买了个HelloKitty，小女孩二限也是大保底抽出来的，马上她的虚妄要来咯
2026-02-09,网卡网卡网卡网卡网卡网卡网卡，每次我溜鬼就给我延迟900多，搞的网被其他队友骂但我还是说好玩，就是网卡
2026-02-09,玩了快两年的第5人格，发现一直玩的是渠道服的版本，嗯，还是挺喜欢第5人格的氛围的，就是模仿者特别喜欢玩啊。今天才开始要玩官服。
2026-02-09,我从21年4月份开始玩的 游戏体验感挺好角色皮肤排期也行 就是可不可以优化一下画家的金挂？有一点像紫挂你知道吗
2026-02-09,非常好玩，我玩了一年多就抽出来了好几个深渊金和限定金，还打了一个B牌艾维和两个C牌艾维
2026-02-10,很久以前刷到过第五的视频，当时好奇，但被新手教程里的小丑吓退了，后来几经转折，还是没过新手教程到了那哪一年，因为抽象印象梗也是火出圈了，新手教程也变了，我就正式开玩（没想到主线都已经换成了记者小姐了嘛）非对称竞技游戏我也是第一次玩，是挺喜欢的，前期都还好，公屏大家也聊的很开心，但后来，风气也渐渐的差了。什么厨子黑，什么这个CP跟这个CP厨吵起来的，我真的没招了有时候因为局内情况不乐观等各方面原因，会产生赛后问候事件，也有些可能真的不会玩，也有些是纯演人，恶心人的，所以有人会生气很正常，但也不免有人会说出你冯之类的话语。玩家也开出了许多自定义有意思的玩法，我是挺喜欢玩的，但还是会有些人故意整人，无视规则，捣乱，还有什么皮肤歧视也有，我服了爸爸局内也有，鞭尸， 做动作嘲讽之类的风气，我不行了，如今鞭尸也改了（xx鞭尸）音乐方面不多说，我也不太欣赏得来，感觉还好吧本人零氪，感觉对比其他游戏，第五还算好吧，我也是有挺多皮肤的，当然了，还是要肝（应该是每年都有紫皮解锁卡的，这点我倒挺喜欢）具体皮肤的价钱我不太了解，只知道虚妄很贵就对了美术组画的好看，建模一出来那一刻我就知道完了，记得印象最深的那个，宿伞之魂跟那个呃什么美术馆啊还是啥联动，美术：墨感古风小生  建模拉了坨大的第5人格也是人屠都在骂的，诡异的匹配机制，还有那土豆服务器，绝美刀气，神秘bug，丑的钥匙的脸模，我真求你了，以前好像还听玩家劝，现在都很少了，难绷我觉得第5人格也是抽风了，渠道服的全部不能玩，哇塞哇塞，阴我来了，当时在应用商场下的，神秘的渠道服哦，偏偏我还有官服的号，官服的号压根就没玩过，能被气死，说好像可以渠道服转官服，我还没试，希望吧，千万别不行，我肝了那么久的账号
2026-02-10,号丢了，但是还是很馋第五人格的，真的给我一种吸引力，已经玩了3年了，剧情音效是很不错的，但是能不能回调鞭尸
2026-02-10,挺好的也没忘初心是真诚对待玩家，且有很多福利，也可以领很多皮，服装挺好看的
2026-02-10,第五人格算是承载了我整个少女时代，真的很喜欢它，也找不到代餐游戏，玩了也有快两三年，以后应该会一直玩下去(或许)，游戏风气真的很差，不过还在我的游戏引路人给我创造了一个好的游戏环境，还是真心希望第五人格能越做越好的
2026-02-10,非常不错啊，非常不错啊，就是很好啊，很推荐啊，能不能给我出金啊？我想要斗牛士的金皮，能不能让我70发内出啊我已经抽了快60发了。求求了，求求了，求求了
2026-02-11,第五人格还挺好玩的吧，就是有的时候嗯，容易玩破防，但是我觉得还好。
2026-02-11,笫五宝宝我受你一棐了（我不行了）第五宝宝我爱你一辈子不过就是能不能让我欧一点QAQ
2026-02-12,本人先个叠甲：从2022年6月到现在四舍五入已经玩了四年也可以算老玩家了 亲眼见证你游从低谷到大火再到现在的风气变坏 微微微氪先除去目前的风气以及圈子内的神人 从玩法来说有多种 除非一次性玩了很多局会觉得腻或无聊 而且游戏策划对那些零氪玩家都很友好的 每次不管是一些活动和联动之类的有时都会免费送皮肤且质量不错手感很好 特别是可以在商场用碎片换高级皮肤（得肝） 至少在这方面很不错了 建模师和以前比有了特别大的进步 建模比以前精致了许多萌新上手不是很难 官方有新手教程一定要一步一步跟着来 没看懂或没玩明白一定要再重新过一下新手教程 不要因为懒就不过新手教程 不然在对局里队友发的信号你都看不懂 这种情况如果遇到脾气不好的队友就等着被赛后吧再说说你游的现状 也可以说像烂白菜一样 刚开始的第五人格不像现在一样 当时大多玩家的情绪都相对稳定 被坑到极致了也就顶多吵几句嘴 基本不会骂的太脏 早期的官方也非常好 但是第五人格火起来的方式始终不会这样永久下去 小鬼也都涌入了进来 一系列的逆天发言和猎奇操作一度使第五人格的风评频频下降。。。关于这方面的我就不说了 觉得大家也应该有所耳闻最重要的是排位的时间段！！！关于这个我想说好久了 打排位的时间段真的是人能想出来的吗？！排位开放时间正好卡在个午饭和晚饭之间！！！最后呢 我的评价是不要带有色眼镜去看待任何一个游戏 反正第五人格入股不亏
2026-02-12,我是小米手机   之前退游了  本身的渠道服卸载了   然后现在下不了渠道服   我也登不上那个官服了   不过可玩性还是很高的
2026-02-12,兜兜转转还是你，每一位重要的人都是在这里认识的，只希望官方对得起每一位角色，
2026-02-12,刚开始还不太会 慢慢的就会了 真觉得挺好的吧 原本就是一个恐怖游戏 被举报太恐怖  有时候又会有bug 网易我真求你了 修一下吧
2026-02-12,打游戏特别容易红温打一些很简单的游戏都会红温的人别玩，不然你会红上加红的！！！！！！
2026-02-13,宝们这个是官服吗？为什么下载后右下角没有易字？我在网易大神下载的第五也没有易字，这是怎么了
2026-02-13,这款游戏我感觉还是较好的 我的设备是小米 不知道是什么的缘故 玩游戏的时候 开到第三把的时候 就比如在修机啊 刚到选角色的地方这样的 就会跳转到微信去 如果是bug的话 希望可以修一下 第五人格是一款角色扮演类游戏 可以组队一起玩 也可以 我的主推是园丁 欢迎大家来和我交友喔
2026-02-13,运营拉，游戏本身可以，建模有在进步，其他不知道说啥，这游戏因人而异，不喜欢的可能看见就烦，喜欢的边骂边玩也不少
2026-02-14,我发誓要玩一辈子第五人格！它不像别的游戏皮肤都要钱，它的皮肤质量好，大部分都是可以用紫薯兑换的。你只要愿意肝总会拿到自己想要的皮肤。皮肤质量越来越好了，冈易现在做毛茸茸的皮肤质量很好，就是冈易那个土豆服务器能不能给我修修！还有那个死人匹配机制啥啊，冈易也会听玩家的意见基本上能改的都改了，除了那个土豆服务器啊。其他的就没啥了
2026-02-14,好玩，风气不好
2026-02-14,园丁宝宝最好就是网络不行
2026-02-14,刺激感特高，特好玩，就是有时候有点卡顿
2026-02-15,欧利蒂丝之庄，幽秘诡谲，非对称竞逐之戏也。一者为监，镇锁庄园；四者为客，破机求生。哥特古雅，画风沉郁，庭宇藏秘，暗影生风。人物各怀夙缘，技能奇绝，进退之间，智计相搏。追逃相逐，板窗相拒，机心暗斗，步步惊魂。悬疑浸骨，氛围幽然，既含策略之深，亦具操作之趣。凡喜诡秘博弈、探幽寻秘者，不可不游也。
2026-02-15,只希望能好好应付自己的玩家群体。太容易劝退新人的话一直硬磕老玩家是没用的。
2026-02-15,可玩性比较不错的游戏，不过环境不好，斟酌一下再入坑吧
2026-02-16,18年二赛季入坑的，偶尔上号，这么多年没有找到可以平替的游戏，可玩性是很高的，特别是跟朋友一起玩，网易一如既往的美工也不错，策划感觉还行（之前有著名的双六阶策划比较抽象，但是后来感觉比较平稳），氪度的话，看自己，如果是商城回声的以及精华限的想出来当然还要几百几千的氪，如果不是特别追求的话，不氪也行，肝度的话反正比阴阳师低，比王者什么的要高一点，想玩好这个游戏投入时间还是比较多的，而且第五现在热度也还不错，总之推荐入坑啊
2026-02-16,抽这个赛季的精华金，结果你给了我三个台球手紫皮！这是何异味啊！
2026-02-16,还行，可玩性还是挺高的，这个我有四个号，反正就是皮肤啊局内玩法都挺好的，官方后续好像也出了几个新的玩法可以入坑的还是
2026-02-16,推荐一试，刚入坑的我玩爽了！
2026-02-17,我真的感觉。修机速度好快。特别是对于没有控场能力的屠夫来说。抬头一看三台了。我不知道是不是我的技术问题。反正我就是感觉电机超级快。感觉没打几分钟就已经三台五台了。我真的是没招了。
2026-02-17,和朋友一起打打游戏买买喜欢皮肤是可以的，别染上脸非抽珍宝和vb节奏还是能玩的很开心的，就是官方也太抠了，紫薯线索十位数的给，肝度还高，学生党快坚持不下去了
2026-02-17,这是官服吗？
2026-02-17,好好玩
2026-02-18,现在入坑还是算了吧 这游戏练好成本太高了 想玩的开心最好是不要混圈 而且游戏皮肤定价太贵了 谁不想累的半死打开第五人格躺在花95买的躺椅上呢 有的时候策划太爱装死了不过对零氪微氪挺友好的 在号1400h+差不多也有四五百皮了虽然但是还是希望这游戏能越来越好吧
2026-02-18,就这个第五人格爽啊，总是把人打的黄昏又兴奋，红温完后又想打，打完又红温，就这样一直循环
2026-02-18,卸载了，手机多了好多内存永别了这个辛辛苦苦肝游戏，红温的要死终于获得一个骰子，投出来一个1的抠门游戏蒸蒸日上哦
2026-02-18,叠加，我从18年玩渠道服，不说开服玩家，也是个老玩家了，不是新手现在玩处境不好，我打烂了经常被压力，又奈何有充钱，又打了这么久，割舍不开了。
2026-02-18,刚玩没多久就换人了，力挺第五人格
2026-02-20,第五人格游戏评价框架与要点1. 核心体验与玩法特色• 策略竞技：游戏以1v4非对称对抗为核心，强调战术配合与博弈策略，高质量对局带来强烈的成就感。• 哥特美学与剧情：美术风格独特，角色背景故事丰富，日记系统串联剧情，适合收藏党。• 持续更新：定期推出新求生者、监管者及模式（如随笔浮想），保持内容新鲜感。2. 优点分析• 战斗爽感：监管者与求生者的对抗充满策略性，匹配机制虽偶有波动，但趣味性较强。• 美术与收藏：皮肤设计精美，角色建模细节丰富，收藏价值高。
2026-02-20,拉拉队年限皮肤局内为什么没蝴蝶特效所以特效都开最高啦精美也是在局外开的就是没有
2026-02-20,怎么说呢，在不谈皮的情况下是挺不错的（除了判定，和网络稳定）。在皮肤方面，推荐还是买号玩。嗯对的
2026-02-20,挺刺激的，我喜欢，玩了一年，归来仍是萌新
2026-02-20,一个比较友好的游戏 ，玩家们都很可爱  ^〇^
2026-02-21,作为长期玩家，我真心觉得《第五人格》是非对称竞技里的标杆之作。1v4的核心玩法极具策略性，监管者强势追击、求生者分工配合，每局都是紧张博弈，阵营差异带来完全不同的体验，久玩不腻。游戏的皮肤更是颜值天花板，哥特美学搭配精致建模与特效，无论是限定金皮还是精品紫皮，细节拉满、风格独特，收藏与实战都赏心悦目。官方还持续更新娱乐模式，从休闲玩法到趣味对抗应有尽有，放松娱乐、好友开黑都适配，让游戏不再只有排位压力。但游戏的几个痛点实在让人无奈。首先是出金概率太拉胯，珍宝抽卡长期非酋，保底遥遥无期，微氪与零氪玩家很难拿到心仪金皮，氪金体验差。其次是排位时间阴间、压力拉满，开放时段固定，上班族、学生党很难适配；对局环境严苛，队友失误、机制判定问题频发，上分又累又煎熬，很容易消磨热情。最后是皮肤排期太奇异，热门角色皮肤扎堆，冷门角色常年无新皮，部分角色等数年才盼来一款皮肤，偏爱冷门角色的玩家毫无盼头，资源分配极不合理。第五人格有独一无二的魅力，玩法、美术、娱乐性都足够优秀，可概率、排位、排期这三个问题，真的急需优化。希望官方能重视玩家感受，平衡福利与体验。
2026-02-21,全世界福利最多的游戏，氛围最好的游戏，玩家最成熟的游戏，马年玩玩无码游戏
2026-02-21,很好玩推荐
2026-02-22,很好玩玩了二年了但运营的服务友太好
2026-02-22,加强屠夫好吗
2026-02-22,我去，啥意思啊求生排位排十分钟，我急哭了
2026-02-23,谁不喜欢打完两把游戏出一币，点击抽奖走一格，领到10个货币奖励十分丰厚的竞技游戏？作为开服就入坑的牢玩家，我推荐所有人都来享受这款免费开玩，开服就送大瓜吃的老游戏，这款游戏能开服这么久那当然是因为免费开玩奖励丰厚无体力限制想怎么刷怎么刷玩家打两把游戏就能得到一个骰子，一个骰子最多可以丢出4点，比没有这种抽奖系统的游戏最高多出三次获取奖励的机会哦周上限奖励42个骰子，平均下来每天可以拿好几个呢可惜网易这机制杀熟，你爱玩什么就偏偏抽不出什么，有时候只能吃保底，基本上你能每周肝满上限再氪个几百就可以抽到高级奖励了一个赛季固定出三个池子，如果碰上深渊和一些联动，池子至少+1，全部抽完可以拿到很多皮肤的氪金代币换成高级货币是1比1，1元10高级货币，每个池子96币一抽，抽60次保底中级奖励，抽200次保底高级奖励，唉，我其实还有些怀念以前260的保底呢，这样那个抽到一定次数的限定奖励才更珍稀真可惜，现在新版本了，不能按照旧版本的数据来写评价了，不然就可以让人们看看旧版本推理之径的空格有多美妙了
2026-02-23,我玩第五近三年了一开始是刷视频老是刷到觉得里面的调香师的故事然后就慢慢开始玩了后来又带朋友入坑了然后有些第五主播会玩下超自然我就觉得这个游戏挺有趣也下了但是发现超自然偏心不听玩家的话了后来就觉得超自然圈钱我是多坑玩家我玩第五人格，和平精英，蛋仔派对本来是玩超自然但是我觉得超自然现在真的是越来越不为玩家考虑了总结来说第五人格没有抄袭过我玩蛋仔也是和朋友玩我妹妹总跟我争那个蛋仔出了个追捕叫桃乐丝我就和我妹说这个蛋仔又抄袭第五人格小女孩的皮肤了她是蛋仔玩家嘛就说又没抄技能我就来火了我就说全抄了你是不是说联动哦蛋仔就是抄了啊第五人格就是不比别的游戏差啊
2026-02-23,玩还是蛮好玩的，作为一个经典养老玩家……谁来带我玩一下娱乐
2026-02-23,拉完了 为什么不送我皮肤（抽象）（名字渔鮹）
2026-02-23,可玩性：100000000000
2026-02-23,是官服吗
2026-02-24,本人是一个玩了很久的微氪玩家（如图1）（我求你了赛季初打的胜率给我气晕了，别在意喵）氪过珍宝也氪过皮肤和归宿，tap丢失的时长太多了，真实游玩时长比这个还多。现在有一定退游念头了。说真的，这游戏给的东西是真少，别说什么可以白嫖商城金，那金皮碎片12888，不抽珍宝啥的没几个月真攒不下来。（下面是一些无厘头的感受，可看可不看）可玩性：有朋友一起的话是好玩的，前提是那种不在乎输赢的那种，因为很容易就因为一个失误输掉，然后朋友多多少少会不经意间压力，毕竟是一个团队游戏运营服务：皮肤定价贵，家具更是贵，今年更是和玩家玩文字游戏，比如那个充值抽头像框活动，算进去代币的还没上架，但是活动先上架了，居心何在想想就知道。以及今年吵得很厉害的归宿，确实是说不会上新家具，但是不说不会上配套家具，就这样玩文字游戏哈。以及有兽焉联动礼包降价一块钱，其实是这样降了一块钱，充值抽头像框就需要额外再买别的东西来凑代币了建议：这个游戏真的需要减负，一周周限是4.2w（不算赛季末）赢一局600左右，平500左右，输的话我记得有300多也有400多，总之，如果要把这个周上限打满的话，至少要八个小时往上，每天都得打一个多小时，而且给的东西还不多，就属于是那种既要又要，既要玩家活跃度，又不想让玩家白嫖游戏环境没的说，好的是真好坏的是真坏，但是我直接是不理会的
2026-02-24,是官服吗 为什么没有网易图标
2026-02-25,18年刚开服就被广告推荐吸引住啦，也安利了朋友一起入坑。因为当时不太懂，没有在官服注册，草草的在其他渠道就下了来玩。后来期间也因为工作退过了两年多的游，一次偶然看到别的游戏主播在玩这款游戏，我又下载回来了。可玩性：对于第一次接触“非对称竞技游戏”这个标签的友友们，再加上五宝特有的哥特风格IP，肯定是会觉得眼前一亮的啦。也有很多好玩的娱乐模式也很好玩，当然，如果有一个搭子和你一起玩的话那就再好不过了。画面音乐：这么多年了游戏内画面质量也肉眼可见的越做越好，这当然离不开五宝的付出，游戏内的(被)追击音乐也氛围感拉满，个人来讲的话还是很满意的。游戏内角色都很独特、可爱，超喜欢来玩的朋友们一定要去玩它的模仿者模式！一定要去玩它的模仿者模式！一定要去玩它的模仿者模式！运营服务：五宝的反馈问题解决速度还是很快的，记得刚回归反馈的教程卡死问题刚反馈没一会儿重新进就更新插件给问题处理好了。重点来了…我也算是一个老玩家了，只要在玩的话小月卡和20骰子也没断过，目前为止已经有1000+啦，算个微氪（báipiáo）玩家叭除了紫薯换的金皮，限定金一个也没有（我的沉默震耳欲聋）希望五宝今后受更多人的欢迎，越来越好！最后附游戏时间（以上为2023年评价↑）以下为新增↓第五人格泰好丸辣，我又成回归萌新（bushi）了，今天逛到论坛发现自己有评论，原来没一个限定的孩子也是新增了很多很多皮肤（你怎么知道我二十九赛季拉拉队员、昆虫学家双限定都是白嫖的47抽出的荧，112抽出的箜篌）还是祝第五人格越做越好，我也会多抽空玩的。
2026-02-25,可，比较肝，我的号实在太非了可玩性：可可可，剧情也很好，无聊可以和好友开黑就是海报我个人感觉有点水，比不上以前的海报“爱丽丝_德罗斯”你比夜茑更勇敢
2026-02-25,"17年老玩家了,对游戏也有感情了,官方也一直在努力推动游戏发展,改bug,优化角色,调整游戏平衡.....恶心到人缺点也有,那就扣一颗星吧，四星不变，希望小破游继续维持下去"
2026-02-25,去玩啊，尤其是那个匹配，排位，五排，联合狩猎，塔罗，模仿者，终场狂欢(剩下我忘了。)
2026-02-25,我不行了吧，第五人格回调鞭尸，还有这金光啥爆率啊，总保底。总体来说，游戏氛围还是很可以的，就是线索碎片实在是不够花呀，所以说渔女真的会出电竞皮吗？好多人在预测
2026-02-25,哎，老师们我想问下小米商城的第五人格没有了，游戏卸载了，现在怎么把用小米账号登录的游戏号转移到官服啊TT
2026-02-25,第五人格牛逼。
2026-02-25,第五人格也是个人物。社区氛围也是好的不行，官方也是好的不行
2026-02-26,本人现在还玩纯属情怀(2019入)，说明了一点可玩性：挺不错的，国内手游非对称没有跟这个争的不相上下，有很多人即便骂这个游戏，但还是戒不掉画面音乐：黑暗哥特美学和暗黑布偶，这个独特的风格，也是吸引了很多的玩家，其实刚开始很多人都是奔着新鲜感玩的，现在网易就纯靠卖热度角色皮了环境:这游戏从开服到现在环境就没有好过，如果真的是老玩家的话应该都清楚[萌新的话，给点建议，控制自己在网上的吐谈，尤其是对那些极端cp向的(本人虽不磕任何cp，但是对磕cp无任何意见)，或者说把木偶人当亲生父母的，还非要先拉拢搞你的，最好不要跟那些人发生冲突，不然容易遭到神秘小群体的攻击，之前感受过]运营服务：大分中的大分，不把玩家当人看，还引导玩家群体，土豆服务器也是实至名归，这个游戏无论是环境还是皮肤，这都无所谓，但是服务器和运营都这么垃圾，现在都只能用60帧，(PC手机端都一样)建议：这个游戏还是很推荐的，虽然说的槽点很多，但是玩法和独特的画风真的很吸引人，也是属于那种越玩越上瘾的，而且福利也不算差，属于那种中规中矩，我的建议是入坑这个游戏，一定要准备一个好设备，就只有这一个建议，别信网上什么千场入门，担心自己短时间冲不上段，重点是开心
2026-02-26,网上说说得了 现实里谁不想花2000块钱抽限定金然后卖号只能卖200风气好到爆的游戏最尊重冷门角色的游戏最大方的官方
2026-02-26,贝贝们这款游戏也是超级好玩好吧 我在应用商店下的就是有点卡 官方也是非常人性好多皮肤都是攒紫薯就能买 而且官方从来没有找明星代言过 都是自己走来的画面音乐：嗯就是男求生的音效也是非常好听好吧扫扫的嗯对反正非常建议玩
2026-02-26,这种非对称的对抗模式很有意思，但是它已经变的越来越不平衡了，而且服务器一点也不行 玩一天下来如果没有卡过一次这个概率实在是堪比出金。
2026-02-26,改改服务器，，玩第五人格太容易卡了
2026-02-26,加强牛仔绳子耐久，牛仔牛逼
2026-02-27,爱你老五明天见改游戏机制加强(双阵容孝子发力了）皮肤排期
2026-02-28,可玩性：第一次给一个游戏写评价可能写的不太好 本人23年入坑 现在历六现五 淡游了一段时间 但是不可否认的这款游戏的可玩性很高 最经典的匹配模式 那种不在乎输赢娱乐玩家十分推荐 自我感觉低阶还挺温良的（？）排位模式的话新手建议找些固牌双排三排或者四排 如果没有朋友玩这个游戏的话也可以选择去打监管 总之单排求生者压力非常大体验感为零！接着就是模仿者模式 分为三个阵营好中坏 还是很有意思的 好人靠做任务投票投出狼人获胜（巴拉巴拉巴拉）模式是有趣的 不过可能会遇见某些素质低下的玩家。总的来说第五人格单看模式的话每个还是很有趣的 不过很多都要限时大半夜玩不了！画面音乐：属于那种西式哥特木偶风 每个角色都是缝补起来的布娃娃 音乐的话，分求生和监管的两种追击音乐还有一些归宿音乐 恐怖的比较多 也有比较激情的（？）这种风格还挺戳我的！(๑• . •๑)不过现在慢慢的已经不再恐怖了。官方也经常给热门角色出一大堆排期，冷门角色不管不顾。运营服务：我的爸呀大哥运营也是一大坨，服务器是卡爆，帧率是稳定不了60的 安卓妹最严厉的父亲来了，（不）说实话这个游戏它的风评他就没怎么好过，从早期的一堆人磕CP自由搏击 到现在每当宁芙奖（就是给自己喜欢的角色投票，如果自己喜欢的角色胜出，可以获得一件常驻金皮）投票开始这个第五人格玩家就跟那个甄嬛传一样 大量的串子演员角色黑一下就涌了上来，这也是我见过唯一一个角色黑能骑在的厨子脑袋上。建议：更改排位时间！
2026-02-28,第五人格，是全世界最好玩的游戏。没被威胁，没被强迫。游戏性非常强，竞技性简直了。人屠对立，根本不存在。厨子之间非常和谐。匹配机制非常公平。排位时间非常阳间。娱乐性简直拉满。不说了，第五人格是全世界最好玩的游戏。没有之一，不接受任何反驳。这个老游戏，赶紧给老子倒闭。
2026-02-28,以下是个人观点，触雷抱歉可玩性：免费的时装有很多 对零氪党也挺友好的 而且免费的时装质量也挺好的  珍宝里的限定时装不止可以通过冲钱获得运气还可以白嫖  玩法也不错 玩法不单一 跑酷 竞技等休闲模式可以放松心情  在第五拍照也挺好看的  有可能还会遇到真心的好朋友一起玩也很开心的建议：但是圈子的风气不怎么好 cp大作战还有人屠大战 局内压力 各种角色黑乱串 模仿者媚男 还有各种厨子大战(可以去看看宁芙奖和演绎之星) 还有拆官配的(个人不喜欢)  游戏有点肝 对于学生党和上班族挺不友好的  网络依旧土豆（bug也有点多了）总的来说 可玩性不少 但问题也多 希望第五人格的风气越来越好吧
2026-02-28,兜兜转转，曾经天天打排位冲段位，现在还是感觉当初玩匹配的时候更享受。
2026-02-28,匹配机制需要优化 还有就是现在的匹配时间太久了 一把求生正常的排位都得八九分钟 乃至十分钟 还有就是不管是皮肤还是别的什么东西定价都很高 可以适当的降一下价格
2026-02-28,小破游站起来了
2026-02-28,别闪退了好不好去求求第五了
2026-02-28,想问一下，这个就是官服吗
2026-02-28,匹配机制能不能改改，匹配的都是什么年
2026-03-01,我是从我发的图片的时候开始退游的，虽然不知道现在的帝文阁是什么样子的，但是我觉得我以前玩第5人格的时候是非常好的，上手的难度的话，还是比较算中等的，只是套路可能会有点多，所以的话还是比较难推荐的
2026-03-02,优化做的一坨 刀气也是 有时会卡顿（信号满的情况下）皮肤定价也夸张 可玩性还算可以 但人屠强度个人感觉不太平衡 游戏玩家环境是我见过最神的 刷怪笼 但还是希望 蒸蒸日上
2026-03-02,玩两年了，主要是不圈钱，不像某些游戏，就是有点土豆服务器，过年肝一肝就能拿金皮送的也挺多
2026-03-02,整体还可以，缺点就是人类太超模了，监管玩家体验极差，福利这一块还是挺良心的，还有就是赶紧推一下90帧
2026-03-02,希望第五人格能越来越好
2026-03-02,不二谁能告诉我这是怎嚒了怎么下载不了
2026-03-02,回调老版第五
2026-03-02,因为是角色厨子压我的爆率，我只能说是五宝你继续
2026-03-02,妈呀，官方实在太良心了 分享下这腿获得皮的。
2026-03-03,我总共有三个号，这是小号，主玩的是渠道服，开服玩家玩到现在，心甘情愿的被骗氪求生者和监管者都玩，当初你最凉的时候我还在玩第五人格，现在你好火，火到cp展的周边被一抢而空，我只买到一个吧唧我要玩一辈子第五人格加强空军！优化佣兵思明脸模！求求让我抽到约瑟夫深渊金皮吧
2026-03-03,六星好评
2026-03-04,加油吧，网上说说得了 现实中谁不想中午急头白脸的中午饿着肚子打单排求生顶着自己的神秘掉帧200网络倒地后被野排队友压力一波再赛后莫名痛失双亲后回到自己400买的垃圾归宿里失禁的看着自推的垃圾建模 五宝加油 不要理玩家 继续这样搞 
2026-03-04,第五这款游戏挺好玩的，玩家素质给到拉完了
2026-03-05,没有比第五人格伤害判定更离谱的游戏了
2026-03-06,确实可以玩，就是那个猪妞太多了，容易气死自己，大家可以试试，但是萌新有可能第一局都是赢
2026-03-07,物价有点高，角色排期也是个迷，皮肤质量参差不齐，游戏风气也是越来越不好，什么放血炸房一堆还歧视萌新不知道优越感是哪来的，还有角色厨子之间的矛盾各大cp的拉锯，这款游戏真的是一言难尽。虽然自己也总是骂这骂那的但从心底来说我特别喜欢第五人格这款游戏，虽然入坑有点晚很多想要的错过了但也是唯一一款一直坚持签到坚持登录氪金的游戏，希望以后会越来越好吧，尤其是你游风气我都不想说
2026-03-07,没想到这个手机也能打上第五了 真的震惊到我了 流畅的我不敢想 跟刚出的旗舰机一模一样的游戏体验良心tap 而且会员价格也很美丽
2026-03-07,第五人格世界上最好玩的游戏
2026-03-07,我们屠格太公平了喵 需要加强喵
2026-03-07,是官服吗
2026-03-07,谁和我一样是为了金皮而回游的
2026-03-07,好玩 十连必出限定金给我成不
2026-03-07,这个是官服吗
2026-03-07,五宝五宝我爱你（看到周年庆的福利也是爱上了）
2026-03-07,好玩
2026-03-07,第5人格千万别倒闭
2026-03-08,"作为老玩家来说，第五人格在玩法和画面上面确实很出众, 至少那是在18年，那个时候的环境以及网络的环境本身就很好，那个时候大家都很单纯，没有什么恶意，然后本身那个时期的策划也非常的好，能够和我们打成一片，非常的有人间烟火气。现在的就是装死，我就这么说吧，近几年来冷门厨玩家的诉求根本就是一点儿都听不进去的，有的角色一两年能出一款皮肤，那为什么有的角色两三年甚至三四年都一款皮肤都出不来？因为他冷门，因为他不赚钱，所以根本就不会出有的角色他甚至近几年来看都没有限定金，常驻金都没有，就算只有一款紫皮都还是丑不拉几的，所以诉求是什么？诉求就是希望能够重视那些冷门角色。你既然可以把一些资源给热门厨，那冷门厨的话，你两三年出一个金皮或者常驻金，可以吧？这不过分吧？你好好的做一个好看的正常的皮肤，也不会有人说你什么的。我这是属于全情怀了，我从18年就开始玩了，一直玩到现在，我也只是个休闲玩家，并不想要冲位什么之类的，排位现状我不知道，虽然大家总是骂他，说他，但归根结底还是希望他能越走越好的。我也一样，我希望第5人格能越来越好，并他的福利，以我现在来看的话，确实上进不少，比如说即将要推出的金皮限时自选卡，我觉得这都算是一个很大的变化吧，如果仅仅是说他出的那些玩法，我觉得各有各的特色，至少不会让你玩这个游戏特别的单调，而且给你加了很多模式，还是很不错的，我看大家之前都特别喜欢玩那个模仿者，但其实我对于那个狼人杀太空杀之类的不感兴趣，因为我不会玩，觉得太烧脑了，所以我当不了狼，因为我不敢刀，我只会无脑刀，就是这种情况下的话，我是对这些不感兴趣，不过看他们解说或者说就是以旁观者的视角去看他们玩，就觉得也蛮有意思的。总之如果喜欢第5人格这款1v4的非对称竞技游戏，追捕，逃脱，那可以试一下，求生者主要也是靠团队合作来赢得胜利的，而监管者要用自己精湛的技术和头脑去赢得胜利。我是小时候就开始玩的，所以他也是占据了我青春的一半时间，就我基本上也是下载了玩，腻了又删，删了又下的这种感觉，没有办法彻底割舍的，因为你总是会想回去看看，看看你曾经那个每天上线去玩，期待里面的人每天等着你的那种感觉，这种感觉和回到一个特别熟悉的地方，一个不想割舍的一个地方，想永远留在那里是差不多的。但我们知道很多时候我们总要经历现实的一些东西，没有办法彻底和它融合，不过，当你偶然间想起，就像以前的官方说的，在很久之后再提到第五人格，你就会想起，噢，这是我曾经玩过的最好的一款游戏！"
2026-03-08,就是第五人格牛逼克拉斯呀！周年庆送的福利还是挺多的然后就是可玩性很强，断断续续快玩了一年吧，就是土豆服务器，土豆起来吧，策划虽然有时候皮肤做的有点…但是福利其实真的挺好的
2026-03-08,如果换手机了渠道服是保留在手机还是账号和taptap绑定登录账号重新下载就能能登回之前的账号？
2026-03-08,说实话，第五真的很照顾学生党，有些学生党买不起皮肤，就会免费送一些皮肤，最近退游了一段时间，打算回游了
2026-03-08,不知道现在的玩家好了没有当初退游就是因为摄验太火了排位放血只留入殓师还有些别的cp我不是觉得这些cp不好我也磕但是某些玩家能理智点吗想磕正常磕但是排位别搞啊（真的没恶意  如有冒犯会删）
2026-03-08,陆陆续续退坑回坑，玩了将近7年了，那会高一就和同学一起玩，可惜现在人也不在了，游戏也变了。很多机制都不太一样，很怀念那个冬天和朋友一起游玩的日子。
2026-03-08,第五人格以后周年庆都有金皮卡好不好
2026-03-08,taptap下的是官服吗
2026-03-08,这是官服吗
2026-03-08,我玩过很多次，都是零氪，真的太好玩了！！！
2026-03-08,第一次玩感觉很好
2026-03-08,可玩性：行
2026-03-08,世界上最大方的游戏福利最多的游戏没有之一
2026-03-08,游戏挺好，神人太多了
2026-03-08,福利还行
2026-03-09,内容不错游戏好玩。大家快来体验吧！我侄女超爱！！！可玩性高
2026-03-11,福利没多少，皮肤还很贵，不过玩法确实有意思，皮肤优化的也好慢，宁芙请投卢卡好吗，让我宝走花路谢谢
2026-03-12,加强绿勾，绿勾还是太弱势了，地图为什么不能改成恢复型没法全局透视屠夫生存压力还是太大了，免疫震慑还太弱势了双刀监管还是能秒，叠层数值还是太少了怎么跑的没监管快修的没失常快翻的没爆发击球快，为什么不能开局就叠满建议加强地图和医生一样永久无消耗，同时开地图期间可以交互，免疫震慑时添加首次被震慑将免疫此次伤害，顺便在加点ob技能例如说可以消耗地图耐久对监管攻击攻击命中后监管将被沉默和止戈，为了防止监管老变黄在增加一个飞天加三段冲刺技能可以有效增加生存能力让游戏更加公平竞技
2026-03-13,玩了一千八百多天，大号从没有几个紫皮，到现在有了一些年限，在相对低段位其实有很多很好的人，我感觉现在第五风气不好主要在于四阶以上的排位，在大家玩游戏的过程中逐渐忘记了为什么玩游戏，开心快乐变得没那么重要，输赢显得尤为突出，皮肤设计的其实也很好看，这也是一个我玩了最久的游戏了，但是在今天，我的大号在渠道服卖掉了两百多块，主要因为我自己的原因没时间去玩，而且我的段位不是很高，现在是一个大学生也没有很多钱去充，我想可能每天签到等等的奖励也不太够我买下一个年限，没有办法静静的养号，最终决定卖掉，在这个游戏里我遇到了很多的人，其实这个游戏小孩子玩的比较多，我真的很希望大家不要忘记玩游戏的初衷，对队友和好友有更多的包容和耐心，虽然勉强算是一个老玩家吧，但其实我自己抽到的精华限定金，只有冒险家的那个，游戏很好玩，推荐大家来玩
2026-03-13,第五人格实在是太好玩了，人屠非常和谐，玩家之间也非常友爱演员是不存在的，打团是不存在的，伪人是不存在的，角色歧视是不存在的，辱骂玩家是不存在的举报是很快就能被处理的，申诉是很快就会被受理的网速极快，游戏中一点都不卡玩完一把游戏，内心是特别畅快的，体温是正常的，脸蛋红扑扑的非常可爱限定池抽几发就能出金，真是太棒了游戏建模非常精致，皮肤设计十分用心
2026-03-13,体验还可以 最近又送了金皮解锁卡 但是那些家具的钱能不能降一下 最贵的家具要900多 而且开启这个商城的条件是必须要买个归宿（要钱的归宿）画面音乐：这个还不错 音乐很好可玩性：可玩性很高
2026-03-13,好玩是好玩但为什么玩完后脸红红的，是发春了吗还有网易你那破土豆得换了，太卡了
2026-03-13,特别好玩十分推荐
2026-03-13,不好玩，但是很好玩
2026-03-13,10年之内无人能读懂这段聊天记录
2026-03-13,好玩，就是bug和伪人太多了
2026-03-13,挺好玩的就是玩人类有种莫名害怕感觉
2026-03-13,皮肤我都很喜欢，只是模式太少了
2026-03-13,好玩，但是监管者有点太强了
2026-03-13,第五人格好样的！
2026-03-13,三阶三给我匹配殿堂局 妈呀大姐 这游戏是没人玩了吗很美哟
2026-03-13,改一下渔女刀气
2026-03-13,给你五星加强回忆
2026-03-13,玩了好几年，挺喜欢的
2026-03-13,太好玩了好吧，除了有点抠和土豆服务器
2026-03-13,我喜欢你第五人格
2026-03-13,是不是官服啊
2026-03-13,全世界最好玩的第五人格
2026-03-13,好玩好玩 第五人格天下第一好
2026-03-13,我的妈呀大姐，好玩的不行不行了
2026-03-13,以前玩过，都挺不错的
2026-03-13,就人物建模有点卡，剩下的都非常好
2026-03-13,我一直在连跪我一直在哭
2026-03-13,很好玩，什么模式都有，值得推荐
2026-03-13,好玩
2026-03-13,第五人格虽然但是皮肤好多钱
2026-03-13,这是官服吗？
2026-03-13,挺好玩的，哪怕是OPPOA5玩都不会卡
2026-03-13,有人一起玩吗？我四五阶水平，主玩杂技和小女孩
2026-03-14,第五人格实在是太好玩了，每天一打开游戏，玩求生可以看到可爱的小猪，玩监管更是坐牢以表忏悔，玩了一把血压低的已经顺着眼眶流血了，那血压高的呢？你是指地上那摊干尸吗，没事把平抛59㎞的血全都收集起来就可以复活了
2026-03-14,特别建议玩这个游戏，赛后的时候会有很多队友关心你的父母好不好，还有一些队友会夸你的操作特别秀总之这个游戏的队友都特别友善，特别建议玩
2026-03-14,这个我觉得很好玩，但是我下的是渠道服，我想问这个tap tap上的是官服吗？是的话我就下了
2026-03-15,3年老玩家了感觉第五人格是个很好的游戏记得之前手机也有个第五人格 同一个手机号但是不是同一个号
